{"cameraMode":{"drawMode":0,"name":"Shaded","section":"Shading Mode"},"sceneLighting":true,"audioPlay":false,"sceneViewState":{"showFog":true,"showMaterialUpdate":false,"showSkybox":true,"showFlares":true,"showImageEffects":true,"showParticleSystems":true,"showVisualEffectGraphs":true,"m_FxEnabled":true},"in2DMode":false,"pivot":{"x":1.1166936159133912,"y":-1.4878966808319092,"z":-16.338048934936525},"rotation":{"x":0.12786586582660676,"y":0.05598793551325798,"z":-0.00713365338742733,"w":0.9902371168136597},"size":2.0264108180999758,"orthographic":false}